Mesh,Method,MSE
person,MinMax,7.891145874144548e-07
person,UnitSphere,1.7631068611526918e-06
talwar,MinMax,1.307100895117411e-07
talwar,UnitSphere,5.845993011736295e-07
table,MinMax,1.4881127939019155e-07
table,UnitSphere,4.6995121045678157e-07
explosive,MinMax,1.2438178890503777e-07
explosive,UnitSphere,3.901548210927798e-07
cylinder,MinMax,7.966258421033582e-07
cylinder,UnitSphere,2.5735636000765344e-06
branch,MinMax,7.815262558275773e-07
branch,UnitSphere,2.339403117634809e-06
fence,MinMax,1.5700000336421819e-07
fence,UnitSphere,3.6075811017769505e-07
girl,MinMax,2.05408578576059e-07
girl,UnitSphere,3.521918176737297e-07
